date,num_zone,name_zone,traitement,ind,masse_bouchees,height,circ,reit_bas_tot,reit_bas_part,nb_c2_c1,c3,sex,h1,h2,h3
1/6/2024,3,Station_epuration,H,3H1,0.788,236,11,6,20,118,1,0,70,100,76
1/6/2024,3,Station_epuration,H,3H2,0.712,240,10,0,28,63,1,0,31,69,53
1/6/2024,3,Station_epuration,H,3H3,0.548,297,20,1,19,51,1,0,80,194,100
1/6/2024,3,Station_epuration,H,3H4,0.391,290,10,1,4,38,1,0,51,44,54
1/6/2024,3,Station_epuration,H,3H5,0.974,207,14,3,14,64,1,0,93,69,116
1/6/2024,3,Station_epuration,C,3T1,4.781,490,25,0,0,95,1,0,90,173,152
1/6/2024,3,Station_epuration,C,3T2,1.155,342,12,0,9,52,1,1,157,95,135
1/6/2024,3,Station_epuration,C,3T3,2.26,300,13,0,0,41,1,0,40,147,100
1/6/2024,3,Station_epuration,C,3T4,1.5,260,10,0,0,64,1,0,148,80,80
1/6/2024,3,Station_epuration,C,3T5,0.516,420,13,0,0,44,1,1,70,120,40
2/6/2024,8,Fontasse_bas,H,8H1,1.016,154,17,2,15,83,0,0,109,126,123
2/6/2024,8,Fontasse_bas,H,8H2,1.704,270,15,1,17,85,0,0,116,80,81
2/6/2024,8,Fontasse_bas,H,8H3,1.497,240,13,1,12,40,1,0,46,60,95
2/6/2024,8,Fontasse_bas,H,8H4,1.85,190,11,0,4,78,1,0,12,96,110
2/6/2024,8,Fontasse_bas,H,8H5,3.465,270,20,1,15,66,1,0,133,25,163
2/6/2024,8,Fontasse_bas,C,8T1,3.939,256,13,1,4,57,1,0,54,110,80
2/6/2024,8,Fontasse_bas,C,8T2,1.533,418,18,0,18,187,1,1,160,222,118
2/6/2024,8,Fontasse_bas,C,8T3,1.785,270,9,1,0,18,1,1,55,82,108
2/6/2024,8,Fontasse_bas,C,8T4,1.758,287,10,0,6,40,1,0,33,120,90
2/6/2024,8,Fontasse_bas,C,8T5,2.78,260,12,0,2,49,1,1,70,110,80
2/6/2024,7,Fontasse_haut,H,7H1,1.08,202,14,5,22,60,0,0,111,83,70
2/6/2024,7,Fontasse_haut,H,7H2,0.586,165,13.5,3,13,72,0,0,70,70,48
2/6/2024,7,Fontasse_haut,H,7H3,0.784,145,14,3,18,56,0,0,54,64,73
2/6/2024,7,Fontasse_haut,H,7H4,1.153,172,10,1,49,138,1,0,86,93,80
2/6/2024,7,Fontasse_haut,H,7H5,0.785,200,13,8,19,126,1,0,80,116,90
2/6/2024,7,Fontasse_haut,C,7T1,0.209,360,14,0,1,30,1,1,7,56,140
2/6/2024,7,Fontasse_haut,C,7T2,3.493,260,12,0,0,28,1,1,5,38,122
2/6/2024,7,Fontasse_haut,C,7T3,2.392,340,13,0,5,45,1,1,160,83,95
2/6/2024,7,Fontasse_haut,C,7T4,3.207,310,20.5,1,1,40,1,1,17,180,214
2/6/2024,7,Fontasse_haut,C,7T5,NA,254,11,0,0,45,1,0,3,103,110
2/6/2024,4,Trois_oliviers,C,4T2,1.7,310,12,0,4,52,1,0,73,95,80
2/6/2024,4,Trois_oliviers,C,4T3,7.509,270,15.5,1,0,45,1,0,116,170,97
2/6/2024,4,Trois_oliviers,C,4T4,3.468,300,17,1,3,55,1,0,104,129,70
2/6/2024,4,Trois_oliviers,C,4T5,2.622,325,11,0,4,26,1,1,10,130,80
2/6/2024,4,Trois_oliviers,H,4H1,1.243,190,11,5,6,72,1,0,96,60,60
2/6/2024,4,Trois_oliviers,H,4H2,0.95,240,24,4,34,120,1,0,125,101,78
2/6/2024,4,Trois_oliviers,H,4H3,2.345,176,15,0,5,39,0,0,76,74,70
2/6/2024,4,Trois_oliviers,C,4T1,3.411,380,18,0,1,79,1,1,190,120,90
2/6/2024,4,Trois_oliviers,H,4H4,1.793,210,12,2,10,62,1,0,90,110,60
2/6/2024,4,Trois_oliviers,H,4H5,3.06,170,11.2,12,35,200,1,0,198,130,70
8/6/2024,6,Coudougnou,H,6H1,0.581,338,14,3,0,115,1,0,110,147,140
8/6/2024,6,Coudougnou,H,6H2,0.4,228,10,0,1,49,1,0,40,67,82
8/6/2024,6,Coudougnou,H,6H3,0,304,14,2,2,56,1,0,113,121,142
8/6/2024,6,Coudougnou,H,6H4,NA,281,16,0,0,72,1,0,4.5,175,175
8/6/2024,6,Coudougnou,H,6H5,NA,264,10,0,1,11,1,0,7.5,60,86
8/6/2024,6,Coudougnou,C,6T1,1.444,364,15.5,0,5,49,1,0,145,193,127
8/6/2024,6,Coudougnou,C,6T2,2.64,420,18,0,0,72,1,1,4,99,101
8/6/2024,6,Coudougnou,C,6T3,2.293,240,15,1,5,49,1,0,176,100,107
8/6/2024,6,Coudougnou,C,6T4,2.106,310,16,0,2,51,1,0,27,220,115
8/6/2024,6,Coudougnou,C,6T5,2.802,NA,NA,NA,NA,NA,NA,NA,NA,NA,NA
8/6/2024,1,Fumier,H,1H1,1.772,280,19,7,24,95,1,0,76,190,242
8/6/2024,1,Fumier,H,1H2,2.341,300,17.5,6,32,107,1,0,130,110,50
8/6/2024,1,Fumier,H,1H3,3.628,190,12,0,0,26,1,0,3.5,45,92
8/6/2024,1,Fumier,H,1H4,3.68,226,13,0,3,31,0,0,19,129,152
8/6/2024,1,Fumier,H,1H5,1.849,179,10,2,1,58,0,0,34,94,97
8/6/2024,1,Fumier,C,1T1,5.475,258,14,1,0,66,1,1,58,196,190
8/6/2024,1,Fumier,C,1T2,5.064,320,19,3,1,66,1,1,270,130,110
8/6/2024,1,Fumier,C,1T3,5.539,303,16.5,0,2,60,1,1,67,182,217
8/6/2024,1,Fumier,C,1T4,3.85,347,15,0,1,42,1,1,12.5,150,130
8/6/2024,1,Fumier,C,1T5,3.75,381,19.7,2,1,112,1,1,172,220,187
8/6/2024,5,Pont_moulin,H,5H1,NA,334,19,3,2,84,1,0,61,90,40
8/6/2024,5,Pont_moulin,H,5H2,NA,200,14,1,8,53,1,0,60,110,80
8/6/2024,5,Pont_moulin,H,5H3,NA,205,14,3,11,70,1,0,77,26,130
8/6/2024,5,Pont_moulin,H,5H4,NA,236,10,0,13,34,1,0,76,80,45
8/6/2024,5,Pont_moulin,H,5H5,NA,235,13,1,14,42,1,0,34,83,116
8/6/2024,5,Pont_moulin,C,5T1,NA,304,15.5,2,0,80,1,1,50,123,110
8/6/2024,5,Pont_moulin,C,5T2,NA,360,20,0,4,55,1,1,30,150,130
8/6/2024,5,Pont_moulin,C,5T3,NA,320,14,0,4,62,1,1,83,140,130
8/6/2024,5,Pont_moulin,C,5T4,NA,261,13,0,7,64,1,0,145,140,118
8/6/2024,5,Pont_moulin,C,5T5,NA ,320,13,0,0,30,1,0,3.5,132,118
9/6/2024,2,Jardin_valentine,H,2H1,1.198,194,16,7,15,12,1,0,160,136,100
9/6/2024,2,Jardin_valentine,H,2H2,2.256,154,14.5,6,12,123,1,0,104,127,145
9/6/2024,2,Jardin_valentine,H,2H3,0.678,325,14.2,1,12,104,1,0,71,123,110
9/6/2024,2,Jardin_valentine,H,2H4,0.472,163,15,0,15,87,1,0,78,94,53
9/6/2024,2,Jardin_valentine,H,2H5,0.771,248,17,2,18,80,1,0,60,110,141
9/6/2024,2,Jardin_valentine,C,2T1,NA,314,12,1,0,30,1,0,73,153,123
9/6/2024,2,Jardin_valentine,C,2T2,0.887,230,9,0,5,30,1,0,90,118,73
9/6/2024,2,Jardin_valentine,C,2T3,2.088,307,15,0,1,91,1,1,10.5,186,173
9/6/2024,2,Jardin_valentine,C,2T4,2.678,371,15,0,6,64,1,1,70,130,97
9/6/2024,2,Jardin_valentine,C,2T5,4.652,455,17,0,3,35,1,1,170,180,125
