molecule;code ;sites;traitement;echan;replicat;do
tanin;etalon;NA;NA;0;NA;0,034600001
tanin;etalon;NA;NA;10;NA;0,037900001
tanin;etalon;NA;NA;50;NA;0,0385
tanin;etalon;NA;NA;100;NA;0,040899999
tanin;etalon;NA;NA;200;NA;0,050000001
tanin;etalon;NA;NA;400;NA;0,061500002
tanin;etalon;NA;NA;800;NA;0,088100001
tanin;etalon;NA;NA;1000;NA;0,100199997
tanin;FBH1;FB;H;1;1;0,989400029
tanin;FBH1;FB;H;1;2;0,875100017
tanin;FBH1;FB;H;1;3;0,861000001
tanin;FBH2;FB;H;2;1;1,110999942
tanin;FBH2;FB;H;2;2;1,033200026
tanin;FBH2;FB;H;2;3;0,925999999
tanin;FBH3;FB;H;3;1;1,058699965
tanin;FBH3;FB;H;3;2;1,031900048
tanin;FBH3;FB;H;3;3;1,062600017
tanin;FBH4;FB;H;4;1;1,003600001
tanin;FBH4;FB;H;4;2;1,012599945
tanin;FBH4;FB;H;4;3;1,092599988
tanin;FBH5;FB;H;5;1;1,093099952
tanin;FBH5;FB;H;5;2;1,054800034
tanin;FBH5;FB;H;5;3;0,838500023
tanin;FBT1;FB;T;1;1;1,106699944
tanin;FBT1;FB;T;1;2;1,14230001
tanin;FBT1;FB;T;1;3;0,899699986
tanin;FBT2;FB;T;2;1;1,122699976
tanin;FBT2;FB;T;2;2;1,083299994
tanin;FBT2;FB;T;2;3;1,006299973
tanin;FBT3;FB;T;3;1;1,200600028
tanin;FBT3;FB;T;3;2;1,176699996
tanin;FBT3;FB;T;3;3;1,048599958
tanin;FBT4;FB;T;4;1;0,083300002
tanin;FBT4;FB;T;4;2;0,121100001
tanin;FBT4;FB;T;4;3;0,106899999
tanin;FBT5;FB;T;5;1;0,076899998
tanin;FBT5;FB;T;5;2;0,111699998
tanin;FBT5;FB;T;5;3;0,101899996
tanin;SEH1;SE;H;1;1;0,125100002
tanin;SEH1;SE;H;1;2;0,061999999
tanin;SEH1;SE;H;1;3;0,104500003
tanin;SEH2;SE;H;2;1;0,077299997
tanin;SEH2;SE;H;2;2;0,073799998
tanin;SEH2;SE;H;2;3;0,109300002
tanin;SEH3;SE;H;3;1;0,0858
tanin;SEH3;SE;H;3;2;0,151299998
tanin;SEH3;SE;H;3;3;0,108000003
tanin;SEH4;SE;H;4;1;0,141499996
tanin;SEH4;SE;H;4;2;0,095200002
tanin;SEH4;SE;H;4;3;0,108499996
tanin;SEH5;SE;H;5;1;0,109999999
tanin;SEH5;SE;H;5;2;0,101400003
tanin;SEH5;SE;H;5;3;0,093199998
tanin;SET1;SE;T;1;1;0,140799999
tanin;SET1;SE;T;1;2;0,081900001
tanin;SET1;SE;T;1;3;0,123800002
tanin;SET2;SE;T;2;1;0,151099995
tanin;SET2;SE;T;2;2;0,147799999
tanin;SET2;SE;T;2;3;0,148499995
tanin;SET3;SE;T;3;1;0,146300003
tanin;SET3;SE;T;3;2;0,142700002
tanin;SET3;SE;T;3;3;0,146200001
tanin;SET4;SE;T;4;1;0,144600004
tanin;SET4;SE;T;4;2;0,110600002
tanin;SET4;SE;T;4;3;0,1065
tanin;SET5;SE;T;5;1;0,159500003
tanin;SET5;SE;T;5;2;0,111699998
tanin;SET5;SE;T;5;3;0,103
tanin;JVH1;JV;H;1;1;0,136000007
tanin;JVH1;JV;H;1;2;0,117200002
tanin;JVH1;JV;H;1;3;0,2412
tanin;JVH2;JV;H;2;1;0,201100007
tanin;JVH2;JV;H;2;2;0,116599999
tanin;JVH2;JV;H;2;3;0,1105
tanin;JVH3;JV;H;3;1;0,147799999
tanin;JVH3;JV;H;3;2;0,143399999
tanin;JVH3;JV;H;3;3;0,1558
tanin;JVH4;JV;H;4;1;0,126900002
tanin;JVH4;JV;H;4;2;0,123999998
tanin;JVH4;JV;H;4;3;0,139799997
tanin;JVH5;JV;H;5;1;0,221300006
tanin;JVH5;JV;H;5;2;0,177399993
tanin;JVH5;JV;H;5;3;0,174199998
tanin;JVT1;JV;T;1;1;0,169
tanin;JVT1;JV;T;1;2;0,164900005
tanin;JVT1;JV;T;1;3;0,165399998
tanin;JVT2;JV;T;2;1;0,150199994
tanin;JVT2;JV;T;2;2;0,141299993
tanin;JVT2;JV;T;2;3;0,148599997
tanin;JVT3;JV;T;3;1;0,1505
tanin;JVT3;JV;T;3;2;0,138699993
tanin;JVT3;JV;T;3;3;0,157499999
tanin;JVT4;JV;T;4;1;0,173999995
tanin;JVT4;JV;T;4;2;0,0858
tanin;JVT4;JV;T;4;3;0,101800002
tanin;JVT5;JV;T;5;1;0,140499994
tanin;JVT5;JV;T;5;2;0,131200001
tanin;JVT5;JV;T;5;3;0,138999999
tanin;3OH1;3O;H;1;1;0,145899996
tanin;3OH1;3O;H;1;2;0,142199993
tanin;3OH1;3O;H;1;3;0,167400002
tanin;3OH2;3O;H;2;1;0,129199997
tanin;3OH2;3O;H;2;2;0,112099998
tanin;3OH2;3O;H;2;3;0,138400003
tanin;3OH3;3O;H;3;1;0,139300004
tanin;3OH3;3O;H;3;2;0,1193
tanin;3OH3;3O;H;3;3;0,102399997
tanin;3OH4;3O;H;4;1;0,148200005
tanin;3OH4;3O;H;4;2;0,131999999
tanin;3OH4;3O;H;4;3;0,119099997
tanin;3OH5;3O;H;5;1;0,135700002
tanin;3OH5;3O;H;5;2;0,139400005
tanin;3OH5;3O;H;5;3;0,131400004
tanin;3OT1;3O;T;1;1;0,1285
tanin;3OT1;3O;T;1;2;0,119499996
tanin;3OT1;3O;T;1;3;0,105700001
tanin;3OT2;3O;T;2;1;0,146699995
tanin;3OT2;3O;T;2;2;0,133000001
tanin;3OT2;3O;T;2;3;0,129199997
tanin;3OT3;3O;T;3;1;0,139699996
tanin;3OT3;3O;T;3;2;0,131500006
tanin;3OT3;3O;T;3;3;0,118000001
tanin;3OT4;3O;T;4;1;0,189700007
tanin;3OT4;3O;T;4;2;0,188199997
tanin;3OT4;3O;T;4;3;0,172499999
tanin;3OT5;3O;T;5;1;0,153200001
tanin;3OT5;3O;T;5;2;0,1417
tanin;3OT5;3O;T;5;3;0,127299994
tanin;FUT1;FU;T;1;1;0,113700002
tanin;FUT1;FU;T;1;2;0,109399997
tanin;FUT1;FU;T;1;3;0,111900002
tanin;FUT2;FU;T;2;1;0,111900002
tanin;FUT2;FU;T;2;2;0,098800004
tanin;FUT2;FU;T;2;3;0,188999996
tanin;FUT3;FU;T;3;1;0,113399997
tanin;FUT3;FU;T;3;2;0,119499996
tanin;FUT3;FU;T;3;3;0,122000001
tanin;FUT4;FU;T;4;1;0,104900002
tanin;FUT4;FU;T;4;2;0,098999999
tanin;FUT4;FU;T;4;3;0,107199997
tanin;FUT5;FU;T;5;1;0,100000001
tanin;FUT5;FU;T;5;2;0,098499998
tanin;FUT5;FU;T;5;3;0,098899998
tanin;FUT6;FU;T;6;1;0,128900006
tanin;FUT6;FU;T;6;2;0,132499993
tanin;FUT6;FU;T;6;3;0,131699994
tanin;FUH1;FU;H;1;1;0,1008
tanin;FUH1;FU;H;1;2;0,108499996
tanin;FUH1;FU;H;1;3;0,102300003
tanin;FUH2;FU;H;2;1;0,142499998
tanin;FUH2;FU;H;2;2;0,114
tanin;FUH2;FU;H;2;3;0,1153
tanin;FUH3;FU;H;3;1;0,096100003
tanin;FUH3;FU;H;3;2;0,097900003
tanin;FUH3;FU;H;3;3;0,089100003
tanin;FUH4;FU;H;4;1;0,123400003
tanin;FUH4;FU;H;4;2;0,124899998
tanin;FUH4;FU;H;4;3;0,129299998
tanin;FUH5;FU;H;5;1;0,092100002
tanin;FUH5;FU;H;5;2;0,096199997
tanin;FUH5;FU;H;5;3;0,0876
tanin;FHT1;FH;T;1;1;0,093199998
tanin;FHT1;FH;T;1;2;0,099799998
tanin;FHT1;FH;T;1;3;0,1008
tanin;FHT2;FH;T;2;1;0,104400001
tanin;FHT2;FH;T;2;2;0,113399997
tanin;FHT2;FH;T;2;3;0,104500003
tanin;FHT4;FH;T;4;1;0,107000001
tanin;FHT4;FH;T;4;2;0,102600001
tanin;FHT4;FH;T;4;3;0,110600002
tanin;FHH1;FH;H;1;1;0,154899999
tanin;FHH1;FH;H;1;2;0,161699995
tanin;FHH1;FH;H;1;3;0,162699997
tanin;FHH2;FH;H;2;1;0,123499997
tanin;FHH2;FH;H;2;2;0,149299994
tanin;FHH2;FH;H;2;3;0,147400007
tanin;FHH3;FH;H;3;1;0,136099994
tanin;FHH3;FH;H;3;2;0,143199995
tanin;FHH3;FH;H;3;3;0,158899993
tanin;FHH4;FH;H;4;1;0,1303
tanin;FHH4;FH;H;4;2;0,138899997
tanin;FHH4;FH;H;4;3;0,161599994
tanin;FHH5;FH;H;5;1;0,101599999
tanin;FHH5;FH;H;5;2;0,106200002
tanin;FHH5;FH;H;5;3;0,114399999
tanin;XCT1;XC;T;1;1;0,126900002
tanin;XCT1;XC;T;1;2;0,128399998
tanin;XCT1;XC;T;1;3;0,129899994
tanin;XCT2;XC;T;2;1;0,090599999
tanin;XCT2;XC;T;2;2;0,087200001
tanin;XCT2;XC;T;2;3;0,085199997
tanin;XCT3;XC;T;3;1;0,109899998
tanin;XCT3;XC;T;3;2;0,112599999
tanin;XCT3;XC;T;3;3;0,119800001
tanin;XCT4;XC;T;4;1;0,117299996
tanin;XCT4;XC;T;4;2;0,109999999
tanin;XCT4;XC;T;4;3;0,1052
tanin;XCT5;XC;T;5;1;0,126900002
tanin;XCT5;XC;T;5;2;0,123400003
tanin;XCT5;XC;T;5;3;0,125400007
tanin;XCH1;XC;H;1;1;0,154799998
tanin;XCH1;XC;H;1;2;0,179000005
tanin;XCH1;XC;H;1;3;0,166700006
tanin;XCH2;XC;H;2;1;0,120200001
tanin;XCH2;XC;H;2;2;0,1347
tanin;XCH2;XC;H;2;3;0,150600001
tanin;XCH3;XC;H;3;1;0,133599997
tanin;XCH3;XC;H;3;2;0,137600005
tanin;XCH3;XC;H;3;3;0,140000001
tanin;blanc;NA;NA;NA;1;0,051899999
tanin;blanc;NA;NA;NA;2;0,056299999
tanin;blanc;NA;NA;NA;3;0,0579
phenols;etalon;NA;NA;0;NA;0,063900001
phenols;etalon;NA;NA;1;NA;0,083800003
phenols;etalon;NA;NA;2;NA;0,107900001
phenols;etalon;NA;NA;4;NA;0,154799998
phenols;etalon;NA;NA;8;NA;0,270599991
phenols;etalon;NA;NA;12;NA;0,328999996
phenols;etalon;NA;NA;15;NA;0,430000007
phenols;etalon;NA;NA;20;NA;0,539099991
phenols;FBH1;FB;H;1;1;3,271100044
phenols;FBH1;FB;H;1;2;3,122999907
phenols;FBH1;FB;H;1;3;3,123399973
phenols;FBH2;FB;H;2;1;3,140500069
phenols;FBH2;FB;H;2;2;3,305700064
phenols;FBH2;FB;H;2;3;3,322999954
phenols;FBH3;FB;H;3;1;3,09100008
phenols;FBH3;FB;H;3;2;3,180099964
phenols;FBH3;FB;H;3;3;3,15079999
phenols;FBH4;FB;H;4;1;2,307300091
phenols;FBH4;FB;H;4;2;1,934999943
phenols;FBH4;FB;H;4;3;2,116300106
phenols;FBH5;FB;H;5;1;2,821500063
phenols;FBH5;FB;H;5;2;2,392999887
phenols;FBH5;FB;H;5;3;2,762799978
phenols;FBT1;FB;T;1;1;3,325400114
phenols;FBT1;FB;T;1;2;3,193399906
phenols;FBT1;FB;T;1;3;3,334599972
phenols;FBT2;FB;T;2;1;3,516000032
phenols;FBT2;FB;T;2;2;3,088099957
phenols;FBT2;FB;T;2;3;3,3677001
phenols;FBT3;FB;T;3;1;3,462100029
phenols;FBT3;FB;T;3;2;3,531699896
phenols;FBT3;FB;T;3;3;2,986900091
phenols;FBT4;FB;T;4;1;3,171000004
phenols;FBT4;FB;T;4;2;3,196199894
phenols;FBT4;FB;T;4;3;2,399300098
phenols;FBT5;FB;T;5;1;2,549499989
phenols;FBT5;FB;T;5;2;2,745199919
phenols;FBT5;FB;T;5;3;2,434099913
phenols;SEH1;SE;H;1;1;3,431999922
phenols;SEH1;SE;H;1;2;3,482599974
phenols;SEH1;SE;H;1;3;2,832099915
phenols;SEH2;SE;H;2;1;3,391200066
phenols;SEH2;SE;H;2;2;3,315299988
phenols;SEH2;SE;H;2;3;2,926000118
phenols;SEH3;SE;H;3;1;2,385099888
phenols;SEH3;SE;H;3;2;2,505000114
phenols;SEH3;SE;H;3;3;1,710100055
phenols;SEH4;SE;H;4;1;2,425699949
phenols;SEH4;SE;H;4;2;2,514499903
phenols;SEH4;SE;H;4;3;2,444400072
phenols;SEH5;SE;H;5;1;2,697999954
phenols;SEH5;SE;H;5;2;2,71239996
phenols;SEH5;SE;H;5;3;1,907199979
phenols;SET1;SE;T;1;1;1,226799965
phenols;SET1;SE;T;1;2;1,285300016
phenols;SET1;SE;T;1;3;1,264799953
phenols;SET2;SE;T;2;1;2,048899889
phenols;SET2;SE;T;2;2;2,222899914
phenols;SET2;SE;T;2;3;2,116499901
phenols;SET3;SE;T;3;1;2,398400068
phenols;SET3;SE;T;3;2;2,554500103
phenols;SET3;SE;T;3;3;2,526799917
phenols;SET4;SE;T;4;1;1,969499946
phenols;SET4;SE;T;4;2;2,049200058
phenols;SET4;SE;T;4;3;2,076999903
phenols;SET5;SE;T;5;1;2,326800108
phenols;SET5;SE;T;5;2;2,4375
phenols;SET5;SE;T;5;3;2,34100008
phenols;JVH1;JV;H;1;1;2,767999887
phenols;JVH1;JV;H;1;2;2,920599937
phenols;JVH1;JV;H;1;3;2,98390007
phenols;JVH2;JV;H;2;1;2,908799887
phenols;JVH2;JV;H;2;2;2,965399981
phenols;JVH2;JV;H;2;3;2,973200083
phenols;JVH3;JV;H;3;1;2,685600042
phenols;JVH3;JV;H;3;2;2,705899954
phenols;JVH3;JV;H;3;3;2,69749999
phenols;JVH4;JV;H;4;1;2,330199957
phenols;JVH4;JV;H;4;2;2,41869998
phenols;JVH4;JV;H;4;3;2,378499985
phenols;JVH5;JV;H;5;1;2,28670001
phenols;JVH5;JV;H;5;2;3,276900053
phenols;JVH5;JV;H;5;3;3,279099941
phenols;JVT1;JV;T;1;1;1,888100028
phenols;JVT1;JV;T;1;2;3,02489996
phenols;JVT1;JV;T;1;3;3,004899979
phenols;JVT2;JV;T;2;1;2,182899952
phenols;JVT2;JV;T;2;2;3,041699886
phenols;JVT2;JV;T;2;3;3,003400087
phenols;JVT3;JV;T;3;1;2,802599907
phenols;JVT3;JV;T;3;2;3,105200052
phenols;JVT3;JV;T;3;3;3,156599998
phenols;JVT4;JV;T;4;1;1,148900032
phenols;JVT4;JV;T;4;2;1,177299976
phenols;JVT4;JV;T;4;3;1,174000025
phenols;JVT5;JV;T;5;1;2,351900101
phenols;JVT5;JV;T;5;2;2,558399916
phenols;JVT5;JV;T;5;3;2,654599905
phenols;3OH1;3O;H;1;1;2,359999895
phenols;3OH1;3O;H;1;2;3,094000101
phenols;3OH1;3O;H;1;3;3,109200001
phenols;3OH2;3O;H;2;1;3,004899979
phenols;3OH2;3O;H;2;2;3,102900028
phenols;3OH2;3O;H;2;3;3,168600082
phenols;3OH3;3O;H;3;1;3,27760005
phenols;3OH3;3O;H;3;2;3,403399944
phenols;3OH3;3O;H;3;3;3,355200052
phenols;3OH4;3O;H;4;1;3,149399996
phenols;3OH4;3O;H;4;2;3,182199955
phenols;3OH4;3O;H;4;3;3,109899998
phenols;3OH5;3O;H;5;1;3,639400005
phenols;3OH5;3O;H;5;2;3,652199984
phenols;3OH5;3O;H;5;3;3,396399975
phenols;3OT1;3O;T;1;1;2,64350009
phenols;3OT1;3O;T;1;2;2,623699903
phenols;3OT1;3O;T;1;3;2,593800068
phenols;3OT2;3O;T;2;1;3,860899925
phenols;3OT2;3O;T;2;2;3,993700027
phenols;3OT2;3O;T;2;3;3,890399933
phenols;3OT3;3O;T;3;1;3,108299971
phenols;3OT3;3O;T;3;2;3,20630002
phenols;3OT3;3O;T;3;3;3,453500032
phenols;3OT4;3O;T;4;1;NA
phenols;3OT4;3O;T;4;2;3,951800108
phenols;3OT4;3O;T;4;3;3,883899927
phenols;3OT5;3O;T;5;1;3,690900087
phenols;3OT5;3O;T;5;2;3,676100016
phenols;3OT5;3O;T;5;3;3,451600075
phenols;FUT1;FU;T;1;1;3,77489996
phenols;FUT1;FU;T;1;2;3,75880003
phenols;FUT1;FU;T;1;3;2,652100086
phenols;FUT2;FU;T;2;1;3,032500029
phenols;FUT2;FU;T;2;2;3,048000097
phenols;FUT2;FU;T;2;3;2,334100008
phenols;FUT3;FU;T;3;1;3,706899881
phenols;FUT3;FU;T;3;2;2,545900106
phenols;FUT3;FU;T;3;3;2,89289999
phenols;FUT4;FU;T;4;1;3,245300055
phenols;FUT4;FU;T;4;2;3,166800022
phenols;FUT4;FU;T;4;3;2,068599939
phenols;FUT5;FU;T;5;1;3,44020009
phenols;FUT5;FU;T;5;2;3,438999891
phenols;FUT5;FU;T;5;3;1,927600026
phenols;FUT6;FU;T;6;1;3,65809989
phenols;FUT6;FU;T;6;2;3,512300014
phenols;FUT6;FU;T;6;3;1,979900002
phenols;FUH1;FU;H;1;1;2,846199989
phenols;FUH1;FU;H;1;2;2,036900043
phenols;FUH1;FU;H;1;3;2,086299896
phenols;FUH2;FU;H;2;1;3,046999931
phenols;FUH2;FU;H;2;2;2,056299925
phenols;FUH2;FU;H;2;3;2,257699966
phenols;FUH3;FU;H;3;1;1,802000046
phenols;FUH3;FU;H;3;2;1,700199962
phenols;FUH3;FU;H;3;3;1,763599992
phenols;FUH4;FU;H;4;1;1,595800042
phenols;FUH4;FU;H;4;2;2,833800077
phenols;FUH4;FU;H;4;3;3,25180006
phenols;FUH5;FU;H;5;1;1,506700039
phenols;FUH5;FU;H;5;2;1,884299994
phenols;FUH5;FU;H;5;3;1,885499954
phenols;FHT1;FH;T;1;1;2,41779995
phenols;FHT1;FH;T;1;2;2,110899925
phenols;FHT1;FH;T;1;3;3,200599909
phenols;FHT2;FH;T;2;1;2,181900024
phenols;FHT2;FH;T;2;2;3,043299913
phenols;FHT2;FH;T;2;3;3,118400097
phenols;FHT4;FH;T;4;1;2,150399923
phenols;FHT4;FH;T;4;2;2,545599937
phenols;FHT4;FH;T;4;3;3,118799925
phenols;FHH1;FH;H;1;1;2,118200064
phenols;FHH1;FH;H;1;2;2,311700106
phenols;FHH1;FH;H;1;3;2,769200087
phenols;FHH2;FH;H;2;1;2,564100027
phenols;FHH2;FH;H;2;2;2,831199884
phenols;FHH2;FH;H;2;3;2,730600119
phenols;FHH3;FH;H;3;1;2,831500053
phenols;FHH3;FH;H;3;2;2,631099939
phenols;FHH3;FH;H;3;3;3,054899931
phenols;FHH4;FH;H;4;1;2,97149992
phenols;FHH4;FH;H;4;2;2,449899912
phenols;FHH4;FH;H;4;3;3,221299887
phenols;FHH5;FH;H;5;1;2,4454
phenols;FHH5;FH;H;5;2;2,492500067
phenols;FHH5;FH;H;5;3;2,917000055
phenols;XCT1;XC;T;1;1;2,775899887
phenols;XCT1;XC;T;1;2;2,918100119
phenols;XCT1;XC;T;1;3;3,033900023
phenols;XCT2;XC;T;2;1;2,203200102
phenols;XCT2;XC;T;2;2;2,082400084
phenols;XCT2;XC;T;2;3;2,108799934
phenols;XCT3;XC;T;3;1;2,6256001
phenols;XCT3;XC;T;3;2;2,977200031
phenols;XCT3;XC;T;3;3;2,388499975
phenols;XCT4;XC;T;4;1;2,538000107
phenols;XCT4;XC;T;4;2;2,516499996
phenols;XCT4;XC;T;4;3;2,138700008
phenols;XCT5;XC;T;5;1;2,834500074
phenols;XCT5;XC;T;5;2;2,263900042
phenols;XCT5;XC;T;5;3;1,93719995
phenols;XCH1;XC;H;1;1;NA
phenols;XCH1;XC;H;1;2;3,892499924
phenols;XCH1;XC;H;1;3;3,653599977
phenols;XCH2;XC;H;2;1;3,451499939
phenols;XCH2;XC;H;2;2;2,824199915
phenols;XCH2;XC;H;2;3;2,816999912
phenols;XCH3;XC;H;3;1;3,828500032
phenols;XCH3;XC;H;3;2;2,811199903
phenols;XCH3;XC;H;3;3;3,101000071
phenols;blanc;NA;NA;NA;1;0,056400001
phenols;blanc;NA;NA;NA;2;0,055100001
phenols;blanc;NA;NA;NA;3;0,0559
